hours,episodes,title,author,lang,feed,apple_url,site
330.57,255,Have A Sip,Vietcetera,vi,https://anchor.fm/s/103273a04/podcast/rss,https://podcasts.apple.com/us/podcast/have-a-sip/id1540283905?uo=4,http://vietcetera.com
227.03,216,The Quoc Khanh Show,VIETSUCCESS,vi,https://anchor.fm/s/1081bb15c/podcast/rss,https://podcasts.apple.com/us/podcast/the-quoc-khanh-show/id1419543831?uo=4,https://thequockhanhshow.podbean.com
179.17,213,Business Insights,VIETSUCCESS,vi,https://anchor.fm/s/e828cf38/podcast/rss,https://podcasts.apple.com/us/podcast/business-insights/id1569229068?uo=4,https://podcasters.spotify.com/pod/show/businessinsights-podcast
119.99,167,Vietnam Innovators (Tiếng Việt),Vietcetera,vi,https://anchor.fm/s/103279b48/podcast/rss,https://podcasts.apple.com/us/podcast/vietnam-innovators-ti%E1%BA%BFng-vi%E1%BB%87t/id1552132023?uo=4,https://vietcetera.com/
113.2,273,Bít Tất,Vietcetera,vi,https://anchor.fm/s/103667ee4/podcast/rss,https://podcasts.apple.com/us/podcast/b%C3%ADt-t%E1%BA%A5t/id1551935838?uo=4,https://vietcetera.com/
105.2,423,Cà Phê Khởi Nghiệp Cùng Tùng Bê Tê - Không kịch bản,Tung BT,vi,https://rss.buzzsprout.com/1712557.rss,https://podcasts.apple.com/us/podcast/c%C3%A0-ph%C3%AA-kh%E1%BB%9Fi-nghi%E1%BB%87p-c%C3%B9ng-t%C3%B9ng-b%C3%AA-t%C3%AA-kh%C3%B4ng-k%E1%BB%8Bch-b%E1%BA%A3n/id1573327979?uo=4,https://tungbtpodcast.buzzsprout.com
83.6,253,Doanh Nhân Kể,Doanh Nhân Kể,vi,https://anchor.fm/s/d0472ef0/podcast/rss,https://podcasts.apple.com/vn/podcast/doanh-nh%C3%A2n-k%E1%BB%83/id1708859058?uo=4,https://podcasters.spotify.com/pod/show/doanh-nhn-k
54.34,179,HIEU.TV,Hieu Nguyen,vi,https://anchor.fm/s/4cfb55bc/podcast/rss,https://podcasts.apple.com/us/podcast/hieu-tv/id1554576578?uo=4,https://hieu.tv/
27.17,43,M.A.D.,"Vietcetera, The Lab Saigon",vi,https://anchor.fm/s/103661634/podcast/rss,https://podcasts.apple.com/us/podcast/m-a-d/id1556066749?uo=4,https://www.buzzsprout.com/1721009
24.38,25,Marketing Insider,Duc Nguyen,vi,https://anchor.fm/s/d0a368b4/podcast/rss,https://podcasts.apple.com/us/podcast/marketing-insider/id1656582742?uo=4,https://podcasters.spotify.com/pod/show/marketinginsider
23.61,36,The Money Date,Vietcetera,vi,https://anchor.fm/s/1035bc274/podcast/rss,https://podcasts.apple.com/us/podcast/the-money-date/id1605300241?uo=4,https://www.buzzsprout.com/1919838
20.67,69,Trang In Tech,Trang Nguyen (Tracy),vi,https://anchor.fm/s/c084cc98/podcast/rss,https://podcasts.apple.com/us/podcast/trang-in-tech/id1679956207?uo=4,https://trangintech.com/
16.48,41,DataZen Labs,Dobby,vi,https://anchor.fm/s/ec55863c/podcast/rss,https://podcasts.apple.com/us/podcast/datazen-labs/id1714947100?uo=4,https://podcasters.spotify.com/pod/show/datazenlabs
16.12,18,Vietnam Marketing,Vietsuccess,vi,https://anchor.fm/s/e828c128/podcast/rss,https://podcasts.apple.com/us/podcast/vietnam-marketing/id1707139880?uo=4,https://podcasters.spotify.com/pod/show/people-matter4
15.27,15,YOUNG MARKETERS PODCAST,Marketing Fundamentals. Vietnam Stories. Young Marketers.,vi,https://anchor.fm/s/86f885b4/podcast/rss,https://podcasts.apple.com/vn/podcast/young-marketers-podcast/id1613141587?uo=4,https://podcasters.spotify.com/pod/show/young-marketers-podcast
14.6,18,Blue Ventures Series - Khởi Nghiệp Thành Công,VIETSUCCESS,vi,https://anchor.fm/s/bfb5d30c/podcast/rss,https://podcasts.apple.com/us/podcast/blue-ventures-series-kh%E1%BB%9Fi-nghi%E1%BB%87p-th%C3%A0nh-c%C3%B4ng/id1649875999?uo=4,https://podcasters.spotify.com/pod/show/blueventureseries
12.25,49,Dòng Chảy Công Nghệ,ACDT,vi,https://raw.githubusercontent.com/techukr/podcastRSS-vi/main/rss.xml,https://podcasts.apple.com/vn/podcast/d%C3%B2ng-ch%E1%BA%A3y-c%C3%B4ng-ngh%E1%BB%87/id1895501187?uo=4,https://raw.githubusercontent.com/techukr/podcastRSS-vi/main/rss.xml
418.95,1362,Spiderum Official,Spiderum,vi,https://anchor.fm/s/13c13550/podcast/rss,https://podcasts.apple.com/us/podcast/spiderum-official/id1498937274?uo=4,https://podcasters.spotify.com/pod/show/spiderum
164.53,700,VOV - Khoa học Công nghệ,Đài Tiếng nói Việt Nam,vi,https://anchor.fm/s/89fc894/podcast/rss,https://podcasts.apple.com/us/podcast/vov-khoa-h%E1%BB%8Dc-c%C3%B4ng-ngh%E1%BB%87/id1449746571?uo=4,http://vov1.vn
114.06,289,Thầy Duy Khởi Nghiệp,Nguyen Thai Duy,vi,https://anchor.fm/s/dadb62f0/podcast/rss,https://podcasts.apple.com/us/podcast/th%E1%BA%A7y-duy-kh%E1%BB%9Fi-nghi%E1%BB%87p/id1671996168?uo=4,https://betraining.org/
63.46,72,Cởi Mở,Vietcetera,vi,https://anchor.fm/s/1033523bc/podcast/rss,https://podcasts.apple.com/us/podcast/c%E1%BB%9Fi-m%E1%BB%9F/id1567793225?uo=4,https://vietcetera.com
44.58,41,EduStation,Vietcetera,vi,https://anchor.fm/s/1035de3c4/podcast/rss,https://podcasts.apple.com/us/podcast/edustation/id1596899375?uo=4,https://vietcetera.com
